{
  "spider":"https://raw.fgit.cf/2hacc/TVBox/main/jar/tvbox.txt;md5;056cf130cd8463725c2038c7bc59664f",
  "wallpaper":"http://www.kf666888.cn/api/tvbox/img",
  "lives": [
    {
      "name": "live",
      "type": 0,
      "url": "https://raw.fgit.cf/2hacc/TVBox/main/live/live.txt",
      "playerType": 1,
      "ua": "okhttp/3.15",
      "epg": "http://epg.112114.xyz/?ch={name}&date={date}",
      "logo": "https://epg.112114.xyz/logo/{name}.png"
    },
    {
      "name": "IPV6",
      "type": 0,
      "url": "https://live.fanmingming.com/tv/m3u/ipv6.m3u",
      "playerType": 1,
      "ua": "okhttp/3.15",
      "epg": "http://epg.112114.xyz/?ch={name}&date={date}",
      "logo": "https://epg.112114.xyz/logo/{name}.png"
    }
  ],

  "sites":[
    {"key":"豆瓣","name":"豆瓣","type": 3,"api":"csp_DouDou","searchable": 0,"quickSearch": 0,"filterable": 0},
    {"key":"玩偶哥","name":"玩偶哥","type": 3,"api": "csp_WoGG","searchable": 1,"quickSearch": 1,"changeable": 0,"ext": "http://127.0.0.1:9978/file/tvfan/token.txt+4k|auto|fhd$$$https://www.wogg.xyz/$$$关"},
    {"key":"csp_NanGua","name":"南瓜","type":3,"api":"csp_NanGua","playerType":2,"searchable":1,"quickSearch":1,"changeable":1},
    {"key":"csp_Nmys","name":"农民","type":3,"api":"csp_Nmys","searchable":1,"quickSearch":1,"changeable":1,"ext":"https://raw.fgit.cf/2hacc/TVBox/main/json/nmys.json"},
    {"key":"csp_Kunyu77","name":"七七","type":3,"api":"csp_Kunyu77","searchable":1,"quickSearch":1,"changeable":1},
    {"key":"酷看","name":"酷看","type": 3,"api":"csp_Kkys","searchable": 1,"quickSearch": 1,"changeable": 1},
    {"key":"白嫖","name":"白嫖","type": 3,"api":"csp_BaiPiao","playerType": 2,"searchable": 1,"quickSearch": 1,"changeable": 1,"ext":"https://www.baipiaoys.com/"},
    {"key":"原创","name":"原创","type": 3,"api":"csp_YCyz","timeout": 15,"searchable": 1,"quickSearch": 1,"changeable": 1},
    {"key":"苹果","name":"小苹果","type": 3,"api":"csp_LiteApple","searchable": 1,"quickSearch": 1,"changeable": 1},
    {"key":"Czsapp","name":"厂长","type":3,"api":"csp_Czsapp","playerType":2,"searchable":1,"quickSearch":1,"changeable":1,"ext":"https://www.czzy77.com/"},
    {"key":"csp_YQKan ","name":"一起看","type":3,"api":"csp_YQKan","searchable":1,"quickSearch":1,"changeable":1},
    {"key":"Xinsj","name":"视觉","type": 3,"api":"csp_Xinsj","timeout": 15,"searchable": 1,"quickSearch": 1,"changeable": 1,"ext":"https://www.80yy3.com/"},
    {"key":"csp_MLYS","name":"毛驴","type":3,"api":"csp_MLYS","searchable":1,"quickSearch":1,"changeable":1,"ext":"https://www.maolvys.com/"},
    {"key":"萌米","name":"萌米","type": 3,"api":"csp_AppMao","searchable": 1,"quickSearch": 1,"changeable": 0,"ext":"AO7TcBkd8Iifux0Y8Qze6tVlMg=="},
    {"key":"csp_Bttoo","name":"2B","type":3,"api":"csp_Bttwoo","searchable":1,"quickSearch":1,"changeable":1},
    {"key":"csp_Ddrk","name":"低端","type":3,"api":"csp_Ddrk","playerType":"2","searchable":1,"quickSearch":1,"changeable":1},
    {"key":"zxzj","name":"在线","type": 3,"api":"csp_Zxzj","searchable": 1,"quickSearch": 1,"changeable": 1,"ext":"https://www.zxzja.com/"},
    {"key":"csp_SP33","name":"三三","type":3,"api":"csp_SP33","searchable":1,"quickSearch":1,"filterable":1,"changeable":0},
    {"key":"csp_Auete","name":"Auete","type": 3,"api":"csp_Auete","timeout": 15,"searchable": 1,"quickSearch": 1,"changeable": 1,"ext":"https://auete.pro/"},
    {"key":"csp_Libvio","name":"Libvio","type": 3,"api":"csp_Libvio","searchable": 1,"quickSearch": 1,"changeable":1,"ext":"https://www.libvio.pw/"},
    {"key":"csp_Dm84","name":"动漫巴士","type":3,"api":"csp_Dm84","searchable":1,"quickSearch":1,"changeable":1},
    {"key":"csp_Ying","name":"樱花动漫","type":3,"api":"csp_Ying","searchable":1,"quickSearch":1,"changeable":1},
    {"key":"csp_Ysj","name":"异界动漫","type":3,"api":"csp_Ysj","searchable":1,"quickSearch":1,"changeable":1},
    {"key":"csp_Anime1","name":"日本动漫","type": 3,"api": "csp_Anime1","searchable": 1,"quickSearch": 1,"changeable":1},

    {"key":"csp_虎牙","name":"虎牙直播","type": 3,"api":"csp_XYQHiker","searchable": 0,"quickSearch": 0,"filterable": 0,"ext":"https://raw.fgit.cf/2hacc/TVBox/main/json/虎牙直播.json"},
    {"key":"csp_斗鱼","name":"斗鱼直播","type": 3,"api":"csp_XYQBiu","searchable": 0,"quickSearch": 0,"filterable": 0,"ext":"https://raw.fgit.cf/2hacc/TVBox/main/json/斗鱼直播.json"},
    {"key":"csp_企鹅体育","name":"企鹅体育","type": 3,"api":"csp_XPath","searchable": 0,"quickSearch": 0,"filterable": 0,"ext":"https://raw.fgit.cf/2hacc/TVBox/main/json/企鹅直播.json"},
    {"key":"csp_Biliych","name":"看演唱会","type":3,"api":"csp_Bili","searchable":0,"quickSearch":0,"filterable":1,"ext":"https://raw.fgit.cf/2hacc/TVBox/main/json/Biliych.json"},
    {"key":"csp_短视频","name":"短视频","type": 3,"api":"csp_XBPQ","searchable": 0,"quickSearch": 0,"filterable": 0,"ext":"https://raw.fgit.cf/2hacc/TVBox/main/json/短视频.json"},

    
    {"key":"幼儿乐园","name":"幼儿乐园","type":3,"api":"csp_Bili","searchable":0,"quickSearch":0,"filterable":1,"ext":"https://raw.fgit.cf/2hacc/TVBox/main/json/幼儿乐园.json"},
    {"key":"少儿教育","name":"少儿教育","type":3,"api":"csp_Bili","searchable":0,"quickSearch":0,"filterable":1,"ext":"https://raw.fgit.cf/2hacc/TVBox/main/json/少儿教育.json"},
    {"key":"小学课堂","name":"小学课堂","type":3,"api":"csp_Bili","searchable":0,"quickSearch":0,"filterable":1,"ext":"https://raw.fgit.cf/2hacc/TVBox/main/json/小学课堂.json"},
    {"key":"初中课堂","name":"初中课堂","type":3,"api":"csp_Bili","searchable":0,"quickSearch":0,"filterable":1,"ext":"https://raw.fgit.cf/2hacc/TVBox/main/json/初中课堂.json"},
    {"key":"高中教育","name":"高中课堂","type":3,"api":"csp_Bili","searchable":0,"quickSearch":0,"filterable":1,"ext":"https://raw.fgit.cf/2hacc/TVBox/main/json/高中课堂.json"},

    {"key": "新6V","name": "新6V","type": 3,"api": "csp_SixV","searchable": 1,"quickSearch": 1,"changeable": 0,"ext": "http://www.xb6v.com/"},
    {"key": "YiSo","name": "易搜","type": 3,"api": "csp_YiSo","searchable": 1,"quickSearch": 1,"changeable": 0,"ext": "http://127.0.0.1:9978/file/tvfan/token.txt+4k|auto|fhd"},
    {"key": "PanSou","name": "盘搜","type": 3,"api": "csp_PanSou","searchable": 1,"quickSearch": 1,"changeable": 0,"ext": "http://127.0.0.1:9978/file/tvfan/token.txt+4k|auto|fhd"},
    {"key": "UpYun","name": "Up搜","type": 3,"api": "csp_UpYun","searchable": 1,"quickSearch": 1,"changeable": 0,"ext": "http://127.0.0.1:9978/file/tvfan/token.txt+4k|auto|fhd"},
    {"key": "PanSearch","name": "盘Se","type": 3,"api": "csp_PanSearch","searchable": 1,"quickSearch": 1,"changeable": 0,"ext": "http://127.0.0.1:9978/file/tvfan/token.txt+4k|auto|fhd"},
    {"key":"csp_push","name":"手机推送","type":3,"api":"csp_Push","searchable":0,"quickSearch":0,"ext":"http://127.0.0.1:9978/file/tvfan/token.txt+4k|auto|fhd"}
  ],
  "parses":[
    {"name":"Web聚合","type":3,"url":"Web"},
    {"name":"聚合","type":3,"url":"Demo"},
    {"name":"解析1","type":1,"url":"http://pandown.pro/app/kkdy.php?url=","ext":{"flag":["qq","腾讯","qiyi","爱奇艺","奇艺","youku","优酷","sohu","搜狐","letv","乐视","mgtv","芒果","rx","ltnb","bilibili","1905","xigua"]}},
    {"name":"解析2","type":1,"url":"https://api.cygc.xyz/analysis/?url=","ext":{"flag":["qq","腾讯","qiyi","爱奇艺","奇艺","youku","优酷","sohu","搜狐","letv","乐视","imgo","mgtv","芒果","rx","ltnb","bilibili","1905","xigua"]}},
    {"name":"解析3","type":0,"url":"https://jx.xmflv.com/?url=","ext":{"flag":["qq","腾讯","qiyi","爱奇艺","奇艺","youku","优酷","mgtv","芒果","imgo","letv","乐视","pptv","PPTV","sohu","bilibili","哔哩哔哩","哔哩"],"header":{"User-Agent":"okhttp/4.1.0"}}},
    {"name":"解析4","type":1,"url":"https://jx.jsonplayer.com/player/?url="},
    {"name":"解析5","type":1,"url":"https://im1907.top/?jx="},
    {"name":"解析6","type":1,"url":"https://jx.yangtu.top/?url="},
    {"name":"解析7","type":1,"url":"https://jx.yparse.com/index.php?url="},
    {"name":"解析8","type":1,"url":"https://www.yemu.xyz/?url="},
    {"name":"解析9","type":1,"url":"https://www.mtosz.com/m3u8.php?url="},
    {"name":"解析10","type":1,"url":"https://jx.m3u8.tv/jiexi/?url="},
    {"name":"解析11","type":1,"url":"https://www.8090g.cn/?url="},
    {"name":"解析12","type":1,"url":"https://api.qianqi.net/vip/?url="},
    {"name":"解析13","type":1,"url":"https://www.playm3u8.cn/jiexi.php?url="},
    {"name":"解析14","type":1,"url":"https://www.administratorw.com/video.php?url="},
    {"name":"解析15","type":1,"url":"https://www.ckplayer.vip/jiexi/?url="},
    {"name":"解析16","type":1,"url": "http://jx.wogg.link:63/jiexi/饭特析.php?url="},
    {"name":"解析17","type":1,"url":"https://api.json.icu/api/?key=4f8fb5042b695d5c515f6343af716af8&url="},
    {"name":"解析18","type":0,"url":"https://json.key521.cn/api/?key=df27d9ca9ec97e22c47f8565a50aa6f5&url="},
    {"name":"解析19","type":1,"url":"http://119.91.123.253:1234/Api/cs.php?url="},
    {"name":"解析20","type":1,"url":"http://xiaoxin.1080p.fun/home/api?type=ys&uid=91198&key=bhntuwyAJLMTUY1478&url="},
    {"name":"解析21","type":1,"url": "https://api.tyun77.cn/api.php/provide/parseDicturl?url=","ext":{"flag":["qq","腾讯","qiyi","iqiyi","爱奇艺","奇艺","youku","优酷","mgtv","芒果","letv","乐视","pptv","PPTV","sohu","bilibili","哔哩哔哩","哔哩"]}},
    {"name":"解析22","type":1,"url":"https://www.qiaoji8.com/tvbox/json.php?url=","ext":{"flag":["qq","腾讯","qiyi","爱奇艺","奇艺","youku","优酷","tucheng","sohu","搜狐","letv","乐视","mgtv","芒果","tnmb","seven","yzm","aliyun","RJuMao","bilibili","1905","xinvip","XAL","qiqi","XALS","YuMi-vip"]}},
    {"name": "解析23","type": 1,"url": "http://api.888484.xyz/神秘哥哥/super.php?v=","ext": {"flag": ["qq","腾讯","qiyi","爱奇艺","奇艺","youku","优酷","tucheng","sohu","搜狐","letv","乐视","mgtv","芒果","tnmb","seven","yzm","aliyun","RJuMao","bilibili","1905","xinvip","XAL","qiqi","XALS","YuMi-vip"]}},
    {"name":"解析24","type":0,"url":"https://jx.xmflv.com/?url=","ext":{"flag":["qq","腾讯","qiyi","爱奇艺","奇艺","youku","优酷","mgtv","芒果","imgo","letv","乐视","pptv","PPTV","sohu","bilibili","哔哩哔哩","哔哩"],"header":{"User-Agent":"okhttp/4.1.0"}}}
  ],
  
  "flags":["youku","优酷","优酷视频","qq","腾讯","腾讯视频","iqiyi","qiyi","奇艺","爱奇艺","m1905","xigua","letv","leshi","乐视","sohu","搜狐","搜狐视频","tudou","pptv","mgtv","芒果","imgo","芒果TV","bilibili","哔哩","哔哩哔哩","B站","renrenmi","wasu","ltnb","rx","SLYS4k","BYGA","BYGB","luanzi","dxzy","QEYSS","aliyun","AliS","122","chuangying","CL4K","xfyun","wuduzy","xmm","xigua","m1905","funshion"],
  "ijk":[
    {"group":"软解码","options":[
      {"category":4,"name":"opensles","value":"0"},
      {"category":4,"name":"overlay-format","value":"842225234"},
      {"category":4,"name":"framedrop","value":"1"},
      {"category":4,"name":"soundtouch","value":"1"},
      {"category":4,"name":"start-on-prepared","value":"1"},
      {"category":1,"name":"http-detect-range-support","value":"0"},
      {"category":1,"name":"fflags","value":"fastseek"},
      {"category":2,"name":"skip_loop_filter","value":"48"},
      {"category":4,"name":"reconnect","value":"1"},
      {"category":4,"name":"enable-accurate-seek","value":"0"},
      {"category":4,"name":"mediacodec","value":"0"},
      {"category":4,"name":"mediacodec-auto-rotate","value":"0"},
      {"category":4,"name":"mediacodec-handle-resolution-change","value":"0"},
      {"category":4,"name":"mediacodec-hevc","value":"0"},
      {"category":1,"name":"dns_cache_timeout","value":"600000000"}
    ]},
    {"group":"硬解码","options":[
      {"category":4,"name":"opensles","value":"0"},
      {"category":4,"name":"overlay-format","value":"842225234"},
      {"category":4,"name":"framedrop","value":"1"},
      {"category":4,"name":"soundtouch","value":"1"},
      {"category":4,"name":"start-on-prepared","value":"1"},
      {"category":1,"name":"http-detect-range-support","value":"0"},
      {"category":1,"name":"fflags","value":"fastseek"},
      {"category":2,"name":"skip_loop_filter","value":"48"},
      {"category":4,"name":"reconnect","value":"1"},
      {"category":4,"name":"enable-accurate-seek","value":"0"},
      {"category":4,"name":"mediacodec","value":"1"},
      {"category":4,"name":"mediacodec-auto-rotate","value":"1"},
      {"category":4,"name":"mediacodec-handle-resolution-change","value":"1"},
      {"category":4,"name":"mediacodec-hevc","value":"1"},
      {"category":1,"name":"dns_cache_timeout","value":"600000000"}
    ]}
  ],
  "ads":["wan.51img1.com","iqiyi.hbuioo.com","vip.ffzyad.com","https://lf1-cdn-tos.bytegoofy.com/obj/tos-cn-i-dy/455ccf9e8ae744378118e4bd289288dd","mimg.0c1q0l.cn","www.googletagmanager.com","www.google-analytics.com","mc.usihnbcq.cn","mg.g1mm3d.cn","mscs.svaeuzh.cn","cnzz.hhttm.top","tp.vinuxhome.com","cnzz.mmstat.com","www.baihuillq.com","s23.cnzz.com","z3.cnzz.com","c.cnzz.com","stj.v1vo.top","z12.cnzz.com","img.mosflower.cn","tips.gamevvip.com","ehwe.yhdtns.com","xdn.cqqc3.com","www.jixunkyy.cn","sp.chemacid.cn","hm.baidu.com","s9.cnzz.com","z6.cnzz.com","um.cavuc.com","mav.mavuz.com","wofwk.aoidf3.com","z5.cnzz.com","xc.hubeijieshikj.cn","tj.tianwenhu.com","xg.gars57.cn","k.jinxiuzhilv.com","cdn.bootcss.com","ppl.xunzhuo123.com","xomk.jiangjunmh.top","img.xunzhuo123.com","z1.cnzz.com","s13.cnzz.com","xg.huataisangao.cn","z7.cnzz.com","xg.huataisangao.cn","z2.cnzz.com","s96.cnzz.com","q11.cnzz.com","thy.dacedsfa.cn","xg.whsbpw.cn","s19.cnzz.com","z8.cnzz.com","s4.cnzz.com","f5w.as12df.top","ae01.alicdn.com","www.92424.cn","k.wudejia.com","vivovip.mmszxc.top","qiu.xixiqiu.com","cdnjs.hnfenxun.com","cms.qdwght.com"]
}
